,Customer Name,Review titles,Review Content,Review Rating,Review Date
0,Peeyoosh Kumar,The iPhone 14 Pro Max: An Epitome of Excellence,"Here is my review of the iPhone 14 Pro Max after using it for a couple of weeks:The iPhone 14 Pro Max is the most advanced and powerful smartphone that Apple has made. It offers a stunning design, a superb display, a pro-level camera system, and a blazing-fast performance. It is not a cheap device, but it is worth every penny if you are looking for the best of the best.Design: The iPhone 14 Pro Max has a sleek and elegant design that feels premium in the hand. It has a flat 6.7-inch OLED display that covers almost the entire front of the device, with a pill-shaped notch at the top that houses the Face ID sensors and the selfie camera. The back of the device is made of textured matt glass that resists fingerprints and scratches, and the frame is made of stainless steel that adds durability and shine. The device comes in four beautiful colors: Space Black, Silver, Gold, and Deep Purple. The iPhone 14 Pro Max also has an IP68 rating, which means it can withstand water up to 6 meters deep for up to 30 minutes.Display: The display of the iPhone 14 Pro Max is one of its main highlights. It features a Super Retina XDR OLED display with a resolution of 2796x1290 pixels and a pixel density of 460 ppi. The display supports HDR10 and Dolby Vision, which means it can deliver stunning colors and contrast for watching videos and playing games. The display also has a refresh rate of 120Hz, which makes everything look smoother and more responsive. The display uses ProMotion technology, which adapts the refresh rate to the content on the screen, saving battery life and improving performance. The display also has an Always-On feature, which shows your personalized lock screen with your favorite widgets without having to tap the screen.Camera: The camera system of the iPhone 14 Pro Max is another major selling point. It features a quad-camera setup on the rear, consisting of a 48MP main camera, a 12MP ultra-wide camera, a 12MP 2x telephoto camera, and a 12MP 3x telephoto camera. The main camera has a quad-pixel sensor that can capture more detail and light in every shot. It also has a second-generation sensor-shift optical image stabilization, which reduces blur and shake in low-light conditions. The ultra-wide camera has a 120-degree field of view, which lets you capture more scenery and perspective in your photos. The telephoto cameras have optical-quality zoom, which lets you get closer to your subject without losing quality. The camera system also supports Night mode, Portrait mode, Panorama mode, Macro mode, Photographic Styles, and Smart HDR 4, which enhance your photos with advanced algorithms and effects. The camera system also supports Cinematic mode, which lets you shoot professional-looking videos in 4K HDR at 24 fps with depth-of-field control. You can also edit your videos in ProRes or Dolby Vision HDR formats on your device or on your Mac.Performance: The iPhone 14 Pro Max is powered by the A16 Bionic chip, which is the most powerful processor that Apple has ever created. It has a 6-core CPU, a 5-core GPU, and a 16-core Neural Engine, which work together to deliver fast and smooth performance for any task. The A16 Bionic chip can handle demanding workloads such as gaming, video editing, augmented reality, machine learning, and more with ease. It also has a power-efficient design, which allows it to run at high speeds for longer without draining the battery.Battery: The battery life of the iPhone 14 Pro Max is impressive as well. It has a large 4,400 mAh battery that can last up to 29 hours of video playback or up to 23 hours of video streaming on a single charge. It also supports fast charging with a USB-C to Lightning cable or a MagSafe charger, which can charge up to 50% in just 30 minutes. It also supports wireless charging with any Qi-compatible charger or accessory.Overall experience: The iPhone 14 Pro Max is an amazing device that offers everything you could ask for in a smartphone. It has a gorgeous design, a brilliant display, a fantastic camera system, and an incredible performance. It is easy to use and secure with iOS 16, which offers many new features and improvements such as Dynamic Island, Action mode, FaceTime SharePlay, Live Text, Focus, Safari redesign, and more. It also works seamlessly with other Apple devices and services such as AirPods, Apple Watch, iCloud, Apple Music, Apple TV+, Apple Arcade, Apple Pay, and more.The iPhone 14 Pro Max is not for everyone though. It is a very large and heavy device, which may not be comfortable for some people to hold or carry. It is also very expensive, starting at ‚Çπ1,29,900 for the 128GB model and going up to ‚Çπ1,69,900 for the 1TB model. It also does not have a headphone jack, a microSD card slot, or a fingerprint scanner, which may be deal-breakers for some users.However, if you are looking for the ultimate smartphone experience and you don't mind the size, the price, or the lack of some features, then the iPhone 14 Pro Max is the perfect choice for you. It is a device that will impress you with its design, display, camera, and performance. It is a device that will make you feel like a pro.",5.0 out of 5,28-Jul-23
1,Milton,Great,"Apple hasn‚Äôt made any bones about the fact that there are certain products it has that aren‚Äôt meant for everyone. Some of these ‚Äî like the Mac Studio or even the Mac mini ‚Äî are way too niche and will be sought by those who really need them. And then there are those that bring the best of Apple at an expensive ‚Äî very expensive ‚Äî price point but are desired by many. The iPhone‚Äôs Pro models have always been in the category ‚Äî the coveted one, the desirable one, the one that makes you want to junk that financial prudence that has been drilled in you. The iPhone 14 Pro Max is very much that phone ‚Äî the best of Apple and by now you know that it is an expensive phone. Rs 1,39,900 is the starting price and there‚Äôs little point in debating on why it‚Äôs so expensive and whether it‚Äôs value for money or not. It‚Äôs an Apple product, it is an iPhone, and it is the Pro Max variant ‚Äî of course it will be expensive. Apple wants your money and the iPhone 14 Pro Max is that dangling proposition that may just want you to break the bank and get one.DESIGN AND DISPLAYSeen one? Seen all. If you have seen the iPhone 12 Pro Max or the iPhone 13 Pro Max then the iPhone 14 Pro Max has very little different to offer in terms of design. It‚Äôs a popular design with a stainless frame that looks elegant and the frosted glass back is still gorgeous to look at. Apple knows that this design is a hit and there‚Äôs no point in expecting it to change anytime soon. Generally, an Apple design lasts for years before a new one comes. Don‚Äôt believe us? Look at the MacBook Air, which followed a similar design philosophy for years till the M2 model arrived this year. So don‚Äôt expect Apple to make wholesale changes to the design every year, you will only get disappointed.The one remarkable thing about the design of the iPhone 14 Pro Max is that yes, you have seen it before and yes, it hasn‚Äôt changed but it still looks great. But do keep in mind that this is a really big phone. If you aren‚Äôt used to a big phone then perhaps think twice before getting this or look at the iPhone 14 Pro instead. I wouldn‚Äôt call it unwieldy but yes, it is certainly not a one-handed phone. The Samsung Galaxy S22 Ultra felt really big but this one feels rather bigger in the hand. And yes, it is heavy as well at 240 grams.The big size is preferred by many as it brings in a big display and it‚Äôs a compromise many would settle for on the iPhone 14 Pro Max. The 6.7-inch OLED display offers a resolution of 2796 x 1290 pixel and 460ppi pixel density. What‚Äôs that in common parlance? An excellent display that is great to look at, colour reproduction is accurate and the brightness levels are optimum. Apple claims that the iPhone 14 Pro Max offers the maximum brightness in a smartphone ‚Äî 2000 nits of brightness in direct sunlight. We had zero problems reading on the iPhone 14 Pro Max even when it was really sunny outside.The 120Hz ProMotion refresh rate works as smoothly as it did on the iPhone 13 Pro Max ‚Äî no complaints or no changes here to see. The display is extremely snappy and a lot of it is down to iOS 16 as well as Apple does handle animations much better than most of its competition does.If the refresh rate and other specs remain the same, then there‚Äôs something new in the form of the Always-on display. Better late than never, some may say. Apple is fashionably late but has arrived in some style. Now I am sure you must have read that some Android phone brought Always-on display first. Heck, even Google couldn‚Äôt resist the temptation to take a dig at Apple during its biggest hardware event of 2022. But Apple has created a perception that it isn‚Äôt in the rat race and that some features might not come first but they do come with a difference. Like the Always-on display.Apple‚Äôs implementation of Always-on display is unlike any other smartphone. What happens on the iPhone 14 Pro Max when Always-on display is turned on is that the lock screen is dimmed. ‚ÄúDisplay, display on the phone, who‚Äôs the prettiest of ‚Äòem all?‚Äù It‚Äôs the iPhone 14 Pro Max with the Always-on display. You can see notifications, lock screen widgets and everything else but it is subtly dimmed. If you have an iPhone and you use it for the first time, you might feel that was there a need for this? Not really but once you‚Äôve used it, I bet you will not be able to use the iPhone 14 Pro Max without toggling on the Always-on display.DYNAMIC ISLANDNow generally we tend to keep all display features in one sub-head but we are making an exception for the Dynamic Island. After all it is the belle of the ball, the headline act of the iPhone 14 Pro Max. Or at least it‚Äôs the most-talked about feature on this year‚Äôs iPhones. And it does deserve a separate section as it is delightfully done. The notch was Apple‚Äôs gift to the smartphone industry. The first year after the launch of iPhone X ‚Äî the first one with the notch ‚Äî Android brands made a beeline to adopt the notch as if Santa Claus handed it out on Christmas. But then Android phone makers came up with their really good iterations of it and Apple stuck with the notch until the Dynamic Island arrived with the iPhone 14 Pro models. And man, it is so well done that you just keep fiddling with it only for the first few days ‚Äî at least that‚Äôs what I found myself doing. The Dynamic Island is a different take on the notch and makes the use of that space which no one else ever thought of doing it before Apple. Not a fan of the name but this is a really cool feature to use and is not gimmicky at all.For someone who uses Apple Music a lot more than one should, the Dynamic Island is a treat. It will show the album artwork along the playback controls, and the waveform, AirPlay ‚Äî all in that tiny little space. If you are using any app and get an incoming call, then the Dynamic Island will show the alert and all the call controls. AirPods Pro‚Äôs battery life also appears in the Dynamic Island. Apple Maps directions also come on the Dynamic Island and so much so that at times I did ditch Google Maps for it because it looks really good.Apple has always had a way of showing all these notifications but never had a ‚Äòhome‚Äô ‚Äî which is now the Dynamic Island. In a few months, here‚Äôs hoping that other developers take advantage of the Dynamic Island as it is a really fun and useful feature. Apple is expected to launch Live Activities API soon and that‚Äôs when we will really see the Dynamic Island thrive and it is something that should get a lot of people excited. Is the feature good enough to pay the difference between the iPhone 14 and iPhone 14 Pro price? It certainly is if you want the complete iPhone experience.CAMERAIt has been well established that the iPhone cameras are one of the most consistent and versatile ones around. Apple seemed mightily reluctant to get in the megapixel race and remained steady with 12MP cameras. A case of better late than never yet again and once more Apple has done it differently. The primary camera now has a 48MP sensor, which produces some excellent images. All the images clicked from the 48MP camera have rich colours and look exceptionally vibrant and true to life. There are a lot of details captured especially in the images which were clicked using ProRAW. Like every other 48MP camera, Apple too uses pixel binning to give you 12MP images only but the ProRAW mode actually gives you 48MP images. And the difference is quite stark as more details are captured. But the trade-off is that images clicked with the 48MP camera consume a lot of space, like a lot. The photos we clicked ranged anywhere between 12MB to 42MB ‚Äî so use it rather judiciously. Of course, ProRAW is meant not just for utilising the 48MP camera.What works in the favour of the primary 48MP camera ‚Äî with and without pixel binning ‚Äî is the consistency it offers. You can be clicking in good lighting condition or not-so-good conditions, the iPhone 14 Pro Max delivers images that make you sit up and take note. Apple has certainly improved low-light photography as the iPhone 14 Pro Max does a wonderful job when the lights are dimmed. What the 48MP primary camera also gives is the option of 2x optical zoom lens ‚Äî a nice addition to the iPhone 14 Pro Max‚Äôs camera‚Äôs arsenal.The other 12MP cameras ‚Äî telephoto and ultra-wide ‚Äî also do a fine job of clicking images. Portraits clicked on the iPhone 14 Pro Max look great and bokeh effect is spot on. Apple‚Äôs computational photography has been a step ahead of others and on the iPhone 14 Pro Max you get the Photonic Engine. As per Apple, this is meant to improve colour reproduction and click better images in less light.The lack of zoom on the telephoto camera now does rankle a bit. The iPhone 14 Pro Max offers 3x zoom at a time when the likes of Samsung Galaxy S22 Ultra can go up to 100x. I do wish Apple brings more zoom capabilities on the next iPhone as it is perhaps the only feature that is missing on these cameras.The Macro mode ‚Äî enabled automatically ‚Äî is a true delight on the iPhone 14 Pro Max. No one has done a better job with the macro mode than Apple as the results are truly excellent. Try capturing fabrics with the iPhone 14 Pro Max and the level of details is fascinating to see. You will find macro modes in so many smartphones‚Äô cameras but the iPhone 14 Pro Max is a cut above the rest.For the selfie/usfie/groupfie/whateverfie brigade, Apple has added a brand new camera. The 12MP camera now gets autofocus and it is really impressive. And it really shows in FaceTime calls or other video calls as well. There‚Äôs more clarity than there ever was on any iPhone. The front camera is a significant improvement on the iPhone 14 Pro Max.Where the iPhone 14 Pro Max‚Äôs camera really shines is videos. Apple brought Cinematic Mode last year with the iPhone 13 Pros and with the iPhone 14 Pros, you get the all-new Action Mode. No, it‚Äôs not a gimbal or anything like that. What it does is it really it offers really good stabilisation and that‚Äôs because Apple has improved EIS (electronic image stabilisation). You don‚Äôt get 4K recording with this mode as maximum resolution offered is 2.8K but it is still very good. The footage almost always remained really stable. The Cinematic Mode still remains great fun to use.Is this the best camera setup in any smartphone? Not exactly but it is certainly most versatile and consistent cameras in any smartphone. Almost every image is pleasing to look at and more than anything, the iPhone 14 Pro Max makes you want to click more images ‚Äî something that I can‚Äôt say about any other smartphone, except the Pixel phones.PERFORMANCE, BATTERY LIFEThis will be rather short and concise: the A-series Bionic processors on the iPhones have always been blazing fast and the iPhone 14 Pro Max with A16 is no different. The phone is a total powerhouse in every sense and handles all sorts of tasks comically well. You really can‚Äôt find any fault in the performance of the iPhone 14 Pro Max as it really is flawless. The iOS 16 experience is still getting refined so you might see a bug here and there but I expect Apple to sort that out soon.The iPhone 13 Pro Max by far had the best battery performance I have seen in all the phones reviewed in the last 12 months. Expectations were lofty from the iPhone 14 Pro Max and it was a rather bumpy start. In the first few days, with just under 5 hours of screen time, the phone had consumed close to 84% battery ‚Äî alarm bells did ring as Apple did tout the battery life of the iPhone 14 Pro Max. However after a few days normalcy was resumed as with six hours of screen time ‚Äî with Always-on enabled ‚Äî the iPhone 14 Pro Max still had 40% battery left. Does the Always-on display consume a lot of battery?Slightly but it‚Äôs not a battery guzzling feature. Overall, with a lot of streaming on Apple Music, Safari, WhatsApp, social media activities on a daily basis, the iPhone 14 Pro Max can really go on for a day ‚Äî and then some ‚Äî on a single charge.VERDICTApple has made a habit of making excellent smartphones and the iPhone 14 Pro Max is no different. There‚Äôs no escaping the fact that the iPhone 14 Pro Max is one of the most expensive smartphones you can buy ‚Äî starting at Rs 1,39,900 and goes up to Rs 1,89,900 (1TB storage variant). You might think that it will be a hard sell especially in a country like India. India still remains a vanilla iPhone island but the aspiration to go Pro is strong as ever.This year Apple has really separated the Pro models from the vanilla ones with the iPhone 14 series. And there is still an audience that salivates at the thought of getting an iPhone Pro ‚Äî perhaps they have used the vanilla and want an upgrade or they are the ones that just want the best of Apple. The iPhone 14 Pro Max gets the best of Apple in every sense. The display is a delight ‚Äî Dynamic Island is great fun ‚Äî and the cameras have been upgraded as well. Should you go for it? Without battling an eyelid as long as you can splash the cash The iPhone 14 Pro Max is one of the best smartphones money can buy.",5.0 out of 5,25-Jan-23
3,Kalyan,Camera,Camera quality is good,4.0 out of 5,08-Aug-23
4,Jewel B.,Best iPhone ever!,"Firstly, battery life in an iPhone is excellent nowadays, i am upgrading from iPhone XR, where battery life was terrible, i hardly managed to survive throughout the day, but in this case i am almost getting 2 day on a single charge, i am a heavy user, expect I don't do gaming! About performance everyone knows, so no commentü•∞! Camera is superb as well! Only thing is it's expensive! But worth every pennyüëç",5.0 out of 5,06-Aug-23
5,Biswashree Dash,Great,"So far it has been an awesome experience with the Iphone 14 Pro Max. But it just felt a lil bad when prices got decreased after I bought it. No doubt it‚Äôs a great phone. However, I feel it‚Äôs overpriced compared t·ªï it‚Äôs competitors like google pixel and Samsung S3 Ultra.. But overall it‚Äôs a complete package‚Ä¶",5.0 out of 5,14-Aug-23
6,sachin choudhary,Iphone 14 pro max,Just awesome.No need to explain quality and performance.Hard to choose from iphone 14 pro max and samsung s23 ultra.I recommend to buy Bothü•¥.,5.0 out of 5,16-Aug-23
8,Pratiek Deshmukh,Camera,Good processor chip and excellent camera,4.0 out of 5,19-Jul-23
9,nagesh Jathar,Promised delivery by amazon,Good product delivered in safer way and with Amazon assured Saftey.,5.0 out of 5,09-Aug-23
10,Navdeep,Good,Overall good with good battery life and camera.,5.0 out of 5,11-Aug-23
11,Harsh Raj Dubey,One of the best buys,"This is my first iPhone.Very happy with it, battery is never an issue in the pro Max models,Camera is too good, overall highly satisfied...",5.0 out of 5,03-Aug-23
